јртикул,—сылка
GA-700SKE-7AER,https://shop.casio.ru/catalog/g-shock-youth/ga-700ske-7aer/
GA-2100SKE-7AER,https://shop.casio.ru/catalog/g-shock-youth/ga-2100ske-7aer/
DW-5600SKE-7ER,https://shop.casio.ru/catalog/g-shock/dw-5600ske-7er/
GA-110SKE-8AER,https://shop.casio.ru/catalog/g-shock-youth/ga-110ske-8aer/
GA-900SKE-8AER,https://shop.casio.ru/catalog/g-shock-youth/ga-900ske-8aer/
GA-2000SKE-8AER,https://shop.casio.ru/catalog/g-shock-youth/ga-2000ske-8aer/
GA-2100-1A1ER,https://shop.casio.ru/catalog/g-shock-youth/ga_2100_1a1er/
GA-2100-1AER,https://shop.casio.ru/catalog/g-shock-youth/ga_2100_1aer/
GA-2100-4AER,https://shop.casio.ru/catalog/g-shock-youth/ga_2100_4aer/
GMW-B5000D-1ER,https://shop.casio.ru/catalog/g-shock-premium/gmw_b5000d_1er/
DW-5600E-1VER,https://shop.casio.ru/catalog/g-shock/dw_5600e_1ver/
DW-5610DN-9ER,https://shop.casio.ru/catalog/g-shock/dw-5610dn-9/
AWM-500GC-1AJR,https://shop.casio.ru/catalog/g-shock/awm_500gc_1ajr/
DW-5600BB-1ER,https://shop.casio.ru/catalog/g-shock/dw_5600bb_1er/
DW-5600CA-2ER,https://shop.casio.ru/catalog/g-shock/dw-5600ca-2er/
DW-5600CA-8ER,https://shop.casio.ru/catalog/g-shock/dw-5600ca-8er/
DW-5600DAILY21-1ER,https://shop.casio.ru/catalog/g-shock/dw-5600daily21-1er/
DW-5600GC-7ER,https://shop.casio.ru/catalog/g-shock-youth/dw_5600gc_7er/
DW-5610SUS-5ER,https://shop.casio.ru/catalog/g-shock/dw_5610sus_5er/
DW-6900LS-1ER,https://shop.casio.ru/catalog/g-shock-youth/dw-6900ls-1/
DW-6900LS-2ER,https://shop.casio.ru/catalog/g-shock-youth/dw-6900ls-2/
DWE-5600CC-3ER,https://shop.casio.ru/catalog/g-shock/dwe_5600cc_3er/
DWE-5600R-9ER,https://shop.casio.ru/catalog/g-shock/dwe_5600r_9er/
GA-100-1A1ER,https://shop.casio.ru/catalog/g-shock-youth/ga_100_1a1er/
GA-100-1A2ER,https://shop.casio.ru/catalog/g-shock-youth/ga_100_1a2er/
GA-100B-4AER,https://shop.casio.ru/catalog/g-shock-youth/ga_100b_4aer/
GA-100CF-1A9ER,https://shop.casio.ru/catalog/g-shock-youth/ga_100cf_1a9er/
GA-110-1BER,https://shop.casio.ru/catalog/g-shock-youth/ga_110_1ber/
GA-110GB-1AER,https://shop.casio.ru/catalog/g-shock-youth/ga_110gb_1aer/
GA-110LS-1AER,https://shop.casio.ru/catalog/g-shock-youth/ga_110ls_1aer/
GA-140-1A1ER,https://shop.casio.ru/catalog/g-shock-youth/ga_140_1a1er/
GA-140-6AER,https://shop.casio.ru/catalog/g-shock-youth/ga_140_6aer/
GA-140CT-1AER,https://shop.casio.ru/catalog/g-shock-youth/ga-140ct-1aer/
GA-2000-1A9ER,https://shop.casio.ru/catalog/g-shock-youth/ga_2000_1a9er/
GA-2000S-1AER,https://shop.casio.ru/catalog/g-shock-youth/ga_2000s_1aer/
GA-2100CA-8AER,https://shop.casio.ru/catalog/g-shock-youth/ga-2100ca-8aer/
GA-2100FR-3AER,https://shop.casio.ru/catalog/g-shock-youth/ga_2100fr_3aer/
GA-2100FR-5AER,https://shop.casio.ru/catalog/g-shock-youth/ga_2100fr_5aer/
GA-2100SU-1AER,https://shop.casio.ru/catalog/g-shock-youth/ga_2100su_1aer/
GA-2110ET-2AER,https://shop.casio.ru/catalog/g-shock-youth/ga_2110et_2aer/
GA-2110ET-8AER,https://shop.casio.ru/catalog/g-shock-youth/ga_2110et_8aer/
GA-2110SU-3AER,https://shop.casio.ru/catalog/g-shock-youth/ga_2110su_3aer/
GA-2200-2AER,https://shop.casio.ru/catalog/g-shock/ga-2200-2aer/
GA-2200BB-1AER,https://shop.casio.ru/catalog/g-shock/ga-2200bb-1aer/
GA-2200M-1AER,https://shop.casio.ru/catalog/g-shock/ga-2200m-1aer/
GA-2200M-4AER,https://shop.casio.ru/catalog/g-shock/ga-2200m-4aer/
GA-2200MFR-3AER,https://shop.casio.ru/catalog/g-shock/ga-2200mfr-3aer/
GA-2200MFR-5AER,https://shop.casio.ru/catalog/g-shock/ga-2200mfr-5aer/
GA-700-1BER,https://shop.casio.ru/catalog/g-shock-youth/ga_700_1ber/
GA-700CA-2AER,https://shop.casio.ru/catalog/g-shock/ga-700ca-2aer/
GA-700CA-5AER,https://shop.casio.ru/catalog/g-shock/ga-700ca-5aer/
GA-700CT-1AER,https://shop.casio.ru/catalog/g-shock-youth/ga-700ct-1aer/
GA-710GB-1AER,https://shop.casio.ru/catalog/g-shock-youth/ga_710gb_1aer/
GA-900-2AER,https://shop.casio.ru/catalog/g-shock-youth/ga_900_2aer/
GA-900-4AER,https://shop.casio.ru/catalog/g-shock-youth/ga_900_4aer/
GA-900AG-1AER,https://shop.casio.ru/catalog/g-shock-youth/ga-900ag-1aer/
GA-900C-1A4ER,https://shop.casio.ru/catalog/g-shock-youth/ga_900c_1a4er/
GA-900E-1A3ER,https://shop.casio.ru/catalog/g-shock-youth/ga_900e_1a3er/
GA-900GC-7AER,https://shop.casio.ru/catalog/g-shock-youth/ga_900gc_7aer/
GA-900TS-6AER,https://shop.casio.ru/catalog/g-shock-youth/ga-900ts-6aer/
GAE-2100GC-7AER,https://shop.casio.ru/catalog/g-shock-youth/gae_2100gc_7aer/
GAW-100B-1A2ER,https://shop.casio.ru/catalog/g-shock-youth/gaw_100b_1a2er/
GAW-100B-1AER,https://shop.casio.ru/catalog/g-shock-youth/gaw_100b_1aer/
GBA-800-1AER,https://shop.casio.ru/catalog/g-shock-connected/gba_800_1aer/
GBA-800-9AER,https://shop.casio.ru/catalog/g-shock-connected/gba_800_9aer/
GBD-800-1BER,https://shop.casio.ru/catalog/g-shock-connected/gbd_800_1ber/
GBD-800-8ER,https://shop.casio.ru/catalog/g-shock-connected/gbd_800_8er/
GBD-800UC-8ER,https://shop.casio.ru/catalog/g-shock-connected/gbd_800uc_8er/
GG-B100-1A3ER,https://shop.casio.ru/catalog/g-shock-connected/gg_b100_1a3er/
GG-B100-1AER,https://shop.casio.ru/catalog/g-shock-connected/gg_b100_1aer/
GM-110G-1A9ER,https://shop.casio.ru/catalog/g-shock-youth/gm_110g_1a9er/
GM-110NE-1AER,https://shop.casio.ru/catalog/g-shock-youth/gm_110ne_1aer/
GM-110SCM-1AER,https://shop.casio.ru/catalog/g-shock-youth/gm_110scm_1aer/
GM-110SG-9AER,https://shop.casio.ru/catalog/g-shock-youth/gm-110sg-9aer/
GM-2100-1AER,https://shop.casio.ru/catalog/g-shock/gm-2100-1aer/
GM-2100B-3AER,https://shop.casio.ru/catalog/g-shock/gm-2100b-3aer/
GM-2100B-4AER,https://shop.casio.ru/catalog/g-shock/gm-2100b-4aer/
GM-2100N-2AER,https://shop.casio.ru/catalog/g-shock-youth/gm-2100n-2aer/
GM-5600-1ER,https://shop.casio.ru/catalog/g-shock/gm_5600_1er/
GM-5600EY-1DR,https://shop.casio.ru/catalog/g-shock-youth/gm_5600ey_1dr/
GM-5600SCM-1ER,https://shop.casio.ru/catalog/g-shock/gm_5600scm_1er/
GM-5600SG-9ER,https://shop.casio.ru/catalog/g-shock/gm-5600sg-9er/
GM-6900-1ER,https://shop.casio.ru/catalog/g-shock/gm_6900_1er/
GM-6900B-4ER,https://shop.casio.ru/catalog/g-shock/gm_6900b_4er/
GM-6900G-9ER,https://shop.casio.ru/catalog/g-shock/gm_6900g_9er/
GM-6900SCM-1ER,https://shop.casio.ru/catalog/g-shock/gm_6900scm_1er/
GM-6900SG-9ER,https://shop.casio.ru/catalog/g-shock/gm-6900sg-9er/
GMD-B800-1ER,https://shop.casio.ru/catalog/g-shock-connected/gmd_b800_1er/
GMD-B800-4ER,https://shop.casio.ru/catalog/g-shock-connected/gmd_b800_4er/
GMW-B5000GD-4ER,https://shop.casio.ru/catalog/g-shock-premium/gmw_b5000gd_4er/
GMW-B5000GD-9ER,https://shop.casio.ru/catalog/g-shock-premium/gmw_b5000gd_9er/
GMW-B5000RD-4ER,https://shop.casio.ru/catalog/g-shock-premium/gmw-b5000rd-4er/
GST-B100-1AER,https://shop.casio.ru/catalog/g-shock-g-steel/gst_b100_1aer/
GST-B100D-1AER,https://shop.casio.ru/catalog/g-shock-g-steel/gst_b100d_1aer/
GST-B400-1AER,https://shop.casio.ru/catalog/g-shock-g-steel/gst_b400_1aer/
GST-B400D-1AER,https://shop.casio.ru/catalog/g-shock-g-steel/gst_b400d_1aer/
GST-W110-1AER,https://shop.casio.ru/catalog/g-shock-g-steel/gst_w110_1aer/
GW-5000U-1ER,https://shop.casio.ru/catalog/g-shock/gw_5000u_1er/
GW-9400-1ER,https://shop.casio.ru/catalog/g-shock-professional/gw_9400_1er/
GW-B5600-2ER,https://shop.casio.ru/catalog/g-shock-connected/gw_b5600_2er/
GW-B5600BC-1BER,https://shop.casio.ru/catalog/g-shock-connected/gw_b5600bc_1ber/
GW-B5600CT-1ER,https://shop.casio.ru/catalog/g-shock-connected/gw-b5600ct-1er/
GW-B5600GZ-1ER,https://shop.casio.ru/catalog/g-shock/gw-b5600gz-1er/
GW-M5610U-1ER,https://shop.casio.ru/catalog/g-shock/gw_m5610u_1er/
GWG-100-1AER,https://shop.casio.ru/catalog/g-shock-professional/gwg_100_1aer/
GWG-1000-1A3ER,https://shop.casio.ru/catalog/g-shock-professional/gwg_1000_1a3er/
GWG-2000-1A1ER,https://shop.casio.ru/catalog/g-shock/gwg_2000_1a1er/
GWG-2000-1A3ER,https://shop.casio.ru/catalog/g-shock/gwg_2000_1a3er/
GWG-2000-1A5ER,https://shop.casio.ru/catalog/g-shock/gwg_2000_1a5er/
GWG-2000TLC-1AER,https://shop.casio.ru/catalog/g-shock/gwg-2000tlc-1aer/
GX-56BB-1ER,https://shop.casio.ru/catalog/g-shock/gx_56bb_1er/
MRG-B1000D-1ADR,https://shop.casio.ru/catalog/g-shock-premium/mrg-b1000d-1adr/
MRG-B2000B-1ADR,https://shop.casio.ru/catalog/g-shock-premium/mrg-b2000b-1a/
MTG-B1000-1AER,https://shop.casio.ru/catalog/g-shock-premium/mtg-b1000-1aer/
MTG-B2000B-1A2ER,https://shop.casio.ru/catalog/g-shock-premium/mtg_b2000b_1a2er/
MTG-B2000BD-1A4ER,https://shop.casio.ru/catalog/g-shock-premium/mtg_b2000bd_1a4er/
MTG-B2000D-1AER,https://shop.casio.ru/catalog/g-shock-premium/mtg-b2000d-1aer/
